{
    "accuracy": 0.620939,
    "precision": 0.625792,
    "recall": 0.637082,
    "f1": 0.625208,
    "best_epoch": 2,
    "best_f1": 0.617505,
    "test_loss": 0.9048965079443795
}